"status","totalResults","articles__source__id","articles__source__name","articles__author","articles__title","articles__description","articles__url","articles__urlToImage","articles__publishedAt","articles__content"
"ok","4753","null","Digital Trends","Trevor Mogg","SpaceX boss Elon Musk predicts date of next Starship test flight","SpaceX boss Elon Musk has revealed when he thinks the most powerful rocket ever to fly will embark on its third test flight.","https://www.digitaltrends.com/space/elon-musk-predicts-date-of-next-starship-test-flight/","https://www.digitaltrends.com/wp-content/uploads/2024/02/super-heavy-feb-2024.jpeg?resize=1200%2C630&p=1","2024-02-13T03:40:36Z","SpaceX’s first-stage Super Heavy booster on its way to the launchpad at its Starbase site in Boca Chica, Texas.SpaceX\r\nElon Musk said on social media on Monday that he expects the third Starship test… [+2167 chars]"
"","","business-insider","Business Insider","insider@insider.com (Geoff Weiss)","OpenAI's legal headaches are adding up","OpenAI's legal headaches keep mounting around critical questions like copyright and user privacy.","https://www.businessinsider.com/openai-lawsuits-investigation-elon-musk-investors-copyright-privacy-2024-2","https://i.insider.com/65e0f1c0ce7f1785b2e517cc?width=1200&format=jpeg","2024-03-01T16:05:06Z","OpenAI's technology continues to stun (and worry) onlookers, but a growing number of lawsuits and investigations are nipping at the company's heels.\r\nThe latest suit against the company comes courtes… [+2550 chars]"
"","","null","MacRumors","Juli Clover","Apple Spent More Than $10 Billion on Apple Car Before Canceling Project","Apple spent more than $10 billion working on the Apple Car over the last decade, according to a report from The New York Times that details the issues the project faced during development. Apple first launched the project in 2014 and let it flounder for more …","https://www.macrumors.com/2024/02/28/apple-car-10-billion-spent/","https://images.macrumors.com/t/giU-nsNl3nz4XcWhHArFx41hixg=/2500x/article-new/2020/12/Apple-car-wheel-icon-feature-teal.jpg","2024-02-29T01:13:55Z","Apple spent more than $10 billion working on the Apple Car over the last decade, according to a report from The New York Times that details the issues the project faced during development. Apple firs… [+2012 chars]"
"","","null","MarketWatch","Mike Murphy","OpenAI says Elon Musk backed for-profit plans, and that it has emails proving it","OpenAI shot back at Elon Musk late Tuesday, refuting claims Musk made in a lawsuit filed last week, and publishing emails from Musk that appeared to show he had supported the company’s for-profit business plans.","https://www.marketwatch.com/story/openai-says-elon-musk-backed-for-profit-plans-and-that-it-has-emails-proving-it-25ca0b53","https://images.mktw.net/im-51996667/social","2024-03-06T04:40:00Z","OpenAI shot back at Elon Musk late Tuesday, refuting claims Musk made in a lawsuit filed last week, and publishing emails from Musk that appeared to show he had supported the companys for-profit busi… [+2290 chars]"
"","","business-insider","Business Insider","Peter Kafka","Google's Gemini flop raises the question: What exactly do we want our chatbots to do, really?","Google's Gemini AI chatbot spat out comically biased answers. But ""How did this happen?"" isn't the right question to be asking.","https://www.businessinsider.com/google-gemini-ai-chatbot-woke-bias-controversy-raises-question-2024-2","https://i.insider.com/65e0ce0b90413ab8e1d7f11a?width=1200&format=jpeg","2024-02-29T20:05:29Z","As AI explodes onto the scene, recent hiccups should have ask asking: What do we want from this technology, anyway?NurPhoto/Getty Images\r\n<ul><li>Google's Gemini AI chatbot roll-out was marred by bia… [+3153 chars]"
"","","time","Time","Simon Marks and Mohammed Alamin / Bloomberg","Musk’s Starlink Used by Sudan Paramilitary Group Amid Internet Blackout","Elon Musk’s Starlink satellite internet service is being used by Sudan’s paramilitary Rapid Support Forces amid an internet blackout.","https://time.com/6693940/musk-starlink-sudan-blackout/","https://api.time.com/wp-content/uploads/2024/02/GettyImages-1756859152.jpg?quality=85","2024-02-12T16:56:43Z","Elon Musks Starlink satellite internet service is being used by Sudans paramilitary Rapid Support Forces amid a nationwide internet blackout that humanitarian agencies say is preventing people from a… [+3475 chars]"
"","","null","MarketWatch","Mike Murphy","Jeff Bezos overtakes Elon Musk as world’s richest person, as Tesla stock slides","Tesla Inc.’s stock sank again on Monday, costing Elon Musk his title as world’s richest person.","https://www.marketwatch.com/story/jeff-bezos-overtakes-elon-musk-as-worlds-richest-person-as-tesla-stock-slides-68e3ed3d","https://images.mktw.net/im-24379569/social","2024-03-05T01:12:00Z","Tesla Inc.s stock sank again on Monday, costing Elon Musk his title as worlds richest person.Amazon founder Jeff Bezos replaced the Tesla chief executive atop Bloombergs Billionaires Index on Monday … [+1144 chars]"
"","","ars-technica","Ars Technica","Jonathan M. Gitlin","BYD may build electric vehicle factory in Mexico for US market","Producing cars in Mexico would make it cheaper for BYD to sell cars in the US.","https://arstechnica.com/cars/2024/02/byd-may-build-electric-vehicle-factory-in-mexico-for-us-market/","https://cdn.arstechnica.net/wp-content/uploads/2024/02/GettyImages-1933820815-760x380.jpg","2024-02-14T15:16:08Z","Enlarge/ BYD does most of its manufacturing in China, but that is rapidly changing.\r\n2\r\nThe Chinese automaker BYDwhich stands for Build Your Dreamsis on something of a roll. Last year, it sold more t… [+2212 chars]"
"","","null","MarketWatch","Victor Reklaitis","Donald Trump met with Elon Musk seeking campaign donation: reports","Former President Donald Trump met on Sunday with Elon Musk and other possible donors, according to multiple published reports Tuesday citing unnamed sources.","https://www.marketwatch.com/story/donald-trump-met-with-elon-musk-seeking-campaign-donation-reports-24013090","https://images.mktw.net/im-58077718/social","2024-03-06T01:36:00Z","Former President Donald Trump met on Sunday with Elon Musk and other possible donors, according to multiple published reports Tuesday, citing unnamed sources.\r\nTrump hopes to have a one-on-one meetin… [+722 chars]"
"","","null","CNET","Connie Guglielmo","AI and You: Gemini Flubs Are 'Unacceptable,' Musk Sues OpenAI for Putting Profit Over Principles - CNET","Get up to speed on the rapidly evolving world of AI with our roundup of the week's developments.","https://www.cnet.com/tech/computing/ai-and-you-gemini-flubs-are-unacceptable-musk-sues-openai-for-putting-profit-over-principles/","https://www.cnet.com/a/img/resize/8cdb1d666906c0d9e87f23e1caef7ce399544d7f/hub/2023/07/14/1f5f9c11-886f-4d27-b5c2-6130bd096be1/gettyimages-1475415310.jpg?auto=webp&fit=crop&height=675&width=1200","2024-03-04T16:58:22Z","It's been a difficult few weeks for Google after its text-to-image creator in Gemini (formerly Bard) began delivering offensive, ridiculous and embarrassing images. That prompted a company executive … [+23419 chars]"
"","","business-insider","Business Insider","Kwan Wei Kevin Tan","Trump just couldn't resist spending his Sunday night hate posting about the 'really bad politically correct' Oscars","""A really bad politically correct show tonight, and for years — Disjointed, boring, and very unfair,"" the former president said of this year's Oscars.","https://www.businessinsider.com/trump-rants-about-really-bad-politically-correct-oscars-2024-3","https://i.insider.com/65ee7ec26080194819fe8640?width=1200&format=jpeg","2024-03-11T04:35:22Z","""A really bad politically correct show tonight, and for years — Disjointed, boring, and very unfair,"" former President Donald Trump said of this year's Academy Awards ceremony.Jabin Botsford /The Was… [+2648 chars]"
"","","null","MarketWatch","Jon Swartz","Former Twitter execs sue Elon Musk for $128 million in severance","Four former Twitter Inc. executives, including former Chief Executive Parag Agarwal, on Monday sued company owner Elon Musk for more than $128 million in severance.","https://www.marketwatch.com/story/former-twitter-execs-sue-elon-musk-for-128-million-in-severance-c01c1eeb","https://images.mktw.net/im-43584763/social","2024-03-04T20:26:00Z","Four former Twitter Inc. executives, including former Chief Executive Parag Agarwal, on Monday sued company owner Elon Musk for more than $128 million in severance.\r\nThe lawsuit, filed in federal cou… [+918 chars]"
"","","null","Autoblog","Insider","China's master plan to crush Elon Musk and do what Japanese automakers did in the U.S.","Filed under:\n Commerce,Parts and Accessories\n Continue reading China's master plan to crush Elon Musk and do what Japanese automakers did in the U.S.\nChina's master plan to crush Elon Musk and do what Japanese automakers did in the U.S. originally appeared on…","https://www.autoblog.com/2024/02/25/china-master-plan-to-cruse-elon-musk-do-what-japanese-automakers-did-in-the-us/","https://o.aolcdn.com/images/dims3/GLOB/legacy_thumbnail/1062x597/format/jpg/quality/100/https://media.zenfs.com/en/insider_articles_922/8e7ea5bc7e66352ca1e52f24867f1647","2024-02-25T11:22:00Z","China's EV ascendance has sparked a fight that is forcing American companies to rethink their whole strategy.Getty Images; Alyssa Powell/Insider\r\nWhen Tesla CEO Elon Musk was asked in 2011 about the … [+12452 chars]"
"","","null","Slashdot.org","EditorDavid","Bezos, Nvidia Join OpenAI in Funding Humanoid Robot Startup","OpenAI, Microsoft, Nvidia, and Jeff Bezos are all part of a pack of investors in a business ""developing human-like robots,"" reports Bloomberg, ""according to people with knowledge of the situation..."" \n\nAt the startup — which is named ""Figure"" — engineers ""are…","https://hardware.slashdot.org/story/24/02/26/0228255/bezos-nvidia-join-openai-in-funding-humanoid-robot-startup","https://a.fsdn.com/sd/topics/robot_64.png","2024-02-26T12:34:00Z","OpenAI, Microsoft, Nvidia, and Jeff Bezos are all part of a pack of investors in a business ""developing human-like robots,"" reports Bloomberg, ""according to people with knowledge of the situation...""… [+1616 chars]"
"","","null","Yahoo Entertainment","Insider","Tesla chair was meant to rein in Elon Musk. She shuns the spotlight, but a judge dragged her into it","Continue reading Tesla chair was meant to rein in Elon Musk. She shuns the spotlight, but a judge dragged her into it\nTesla chair was meant to rein in Elon Musk. She shuns the spotlight, but a judge dragged her into it originally appeared on Autoblog on Sun, …","https://consent.yahoo.com/v2/collectConsent?sessionId=1_cc-session_c040521f-465d-4e47-b312-1ab8cba13251","null","2024-02-25T11:00:00Z","Si vous cliquez sur « Tout accepter », nos partenaires (y compris 241 qui font partie du Cadre de transparence et de consentement dIAB) et nous utiliserons également des témoins et vos données person… [+982 chars]"
"","","business-insider","Business Insider","Tom Carter","Jeff Bezos' Miami move could save him $600 million in taxes on stock sale","The Amazon founder plans to sell 50 million Amazon shares by January 2025. His relocation to Miami means he's expected to save millions in capital gains tax.","https://www.businessinsider.com/jeff-bezos-amazon-miami-move-save-600-million-in-taxes-2024-2","https://i.insider.com/65cb5de36fcb546d2d4eefbf?width=1200&format=jpeg","2024-02-13T13:04:41Z","Amazon cofounder and CEO Jeff Bezos and American media personality Lauren Sanchez.Lionel Hahn/Getty Images\r\n<ul><li>Jeff Bezos' move to Miami could save him over $600 million in taxes, per CNBC calcu… [+1754 chars]"
"","","business-insider","Business Insider","Nora Naughton","This Chinese EV can shake off snow like a puppy","The ultra-luxurious Nio ET9 can shake off snow with an intelligent chassis called SkyRide. See it in action.","https://www.businessinsider.com/nio-et9-ev-china-skyride-intelligent-chassis-snow-video-2024-2","https://i.insider.com/65d4ca58a3bd891424f880ce?width=1200&format=jpeg","2024-02-20T16:27:47Z","Camouflaged Nio ET9 shaking off snowNio\r\n<ul><li>The Nio ET9 EV can toss off that snow for you.</li><li>Nio says the maneuver shows off its new intelligent chassis.</li><li>Deliveries of the ET9 are … [+1338 chars]"
"","","business-insider","Business Insider","Geoff Weiss","The tech CEO who quietly built a bigger fortune than Tim Cook","Frank Slootman retired last week as CEO of Snowflake. Bloomberg pegs his net worth at $3.7 billion — higher than Tim Cook and Satya Nadella.","https://www.businessinsider.com/tech-ceo-frank-slootman-snowflake-bigger-fortune-than-tim-cook-2024-3","https://i.insider.com/65e60e1490413ab8e1d8edb0?width=1200&format=jpeg","2024-03-04T19:34:26Z","Slootman arrives at the Sun Valley Conference in 2021.Kevin Dietsch\r\n<ul><li>Former Snowflake CEO Frank Slootman has achieved vast wealth as a non-founding tech exec. </li><li>Bloomberg pegs his net … [+1852 chars]"
"","","business-insider","Business Insider","Sarah Jackson","ChatGPT just got a new voice feature that reads responses aloud to you","ChatGPT's new feature lets the AI chatbot read responses to you. It's available in the iOS and Android apps, as well as the web version.","https://www.businessinsider.com/chatgpt-new-voice-feature-read-responses-aloud-to-you-2024-3","https://i.insider.com/65e772b46080194819fcb3cd?width=1200&format=jpeg","2024-03-05T21:15:53Z","Jakub Porzycki/NurPhoto via Getty Images\r\n<ul><li>A new ChatGPT feature will read the chatbot's responses aloud to you.</li><li>OpenAI announced the function Monday.</li><li>It's available on iOS, An… [+1411 chars]"
"","","business-insider","Business Insider","Hasan Chowdhury","Google's mission is organizing the world's information. Its 'woke' AI debacle prompted critics to say it's failing.","Google's enduring mission has been to organize the world's information, but critics warn its AI rollout could disrupt that goal.","https://www.businessinsider.com/google-ai-gemini-risks-suppressing-information-critics-claim-2024-2","https://i.insider.com/65dc9c6390413ab8e1d6bdef?width=1200&format=jpeg","2024-02-27T11:30:31Z","Google has faced criticism of its Gemini AI model.AnadoluBetul Abali/Getty Images\r\n<ul><li>Google has been on a mission to organize the world's information since day one.</li><li>Concern that its AI … [+4786 chars]"
"","","null","9to5Mac","Chance Miller","Tesla app for Apple Watch in the works, Musk suggests","Tesla owners might soon be able to control their car using their Apple Watch, at least if Elon Musk is to be believed. In response to a question on social media about whether Tesla could add Apple Watch integration, Musk responded: “Sure.” \n\n\n\n more…","https://9to5mac.com/2024/03/06/tesla-app-for-apple-watch-elon/","https://i0.wp.com/9to5mac.com/wp-content/uploads/sites/6/2024/03/tesla-apple-watch.jpg?resize=1200%2C628&quality=82&strip=all&ssl=1","2024-03-06T20:44:33Z","Tesla owners might soon be able to control their car using their Apple Watch, at least if Elon Musk is to be believed. In response to a question on social media about whether Tesla could add Apple Wa… [+1148 chars]"
"","","null","MarketWatch","Barbara Kollmeyer","‘There will never be another car like this.’ Elon Musk says ‘radically’ different Tesla Roadster will ship in 2025.","Entrepreneur and businessman Elon Musk was stirring up excitement on his X platform early Wednesday, promising Tesla’s TSLA Roadster electric sports car will finally ship next year.","https://www.marketwatch.com/story/there-will-never-be-another-car-like-this-elon-musk-says-radically-different-tesla-roadster-will-ship-in-2025-da6ee18c","https://images.mktw.net/im-394560/social","2024-02-28T10:56:00Z","Entrepreneur and businessman Elon Musk was stirring up excitement on his X platform early Wednesday, promising Teslas \r\n TSLA,\r\n +0.17%\r\nRoadster electric sports car will finally ship next year, with… [+1524 chars]"
"","","null","Android Central","tips@androidcentral.com (Nickolas Diaz)","Google's Gemini AI image generation plans to return 'in a few weeks'","Google stated during MWC 2024 that it plans to enable Gemini's AI image generation again ""in a few weeks.""","https://www.androidcentral.com/apps-software/google-plans-to-enable-gemini-image-generation-soon","https://cdn.mos.cms.futurecdn.net/ncSK72n8EjwWB8GY552oum-1200-80.jpg","2024-02-26T21:48:56Z","<ul><li>Google's DeepMind CEO Demis Hassabis stated the company hopes to have Gemini's AI image generation tool back ""in the next couple of weeks.""</li><li>The company once again stated the tool was … [+2679 chars]"
"","","business-insider","Business Insider","Dan DeFrancesco","Apple's EV exit shows the challenges of the once red-hot market","The ending is abrupt, but Apple's EV ambitions weren't easily realized.","https://www.businessinsider.com/apple-ev-car-exit-electric-vehicles-market-difficul-2024-2","https://i.insider.com/65df20c9ce7f1785b2e46e96?width=1200&format=jpeg","2024-02-28T14:30:36Z","Tyler Le/Insider\r\n<ul><li>This post originally appeared in the Insider Today newsletter.</li><li>You can sign up for Business Insider's daily newsletter here.</li></ul>Hi! Be prepared to start schedu… [+7248 chars]"
"","","the-verge","The Verge","Andrew J. Hawkins","RIP to the Apple Car, we hardly knew ye","Apple killed its secretive electric car project, just as the outlook for an all-electric, autonomous future got a little cloudier.","https://www.theverge.com/24085629/apple-car-dead-project-titan-ev-driverless-robotaxi","https://cdn.vox-cdn.com/thumbor/u_-yZcSHfxgE3prfIopktKlvi3c=/0x0:2040x1360/1200x628/filters:focal(1020x680:1021x681)/cdn.vox-cdn.com/uploads/chorus_asset/file/11477053/acastro_180604_1777_apple_wwdc_0004.jpg","2024-02-28T17:31:58Z","RIP to the Apple Car, we hardly knew ye\r\nRIP to the Apple Car, we hardly knew ye\r\n / Apples decision to kill its secretive car project is a reflection of the harsh reality confronting electric and au… [+6232 chars]"
"","","null","Gizmodo.com","George Dvorsky","SpaceX to Deorbit 100 Starlink Satellites Due to Detected Flaw","An unspecified defect in early model Starlink satellites has prompted SpaceX to preemptively deorbit the units before they potentially fail and become hazards in low Earth orbit. While the company remains confident that the deorbiting of these problematic uni…","https://gizmodo.com/spacex-to-deorbit-100-starlink-satellites-due-to-detect-1851251676","https://i.kinja-img.com/image/upload/c_fill,h_675,pg_1,q_80,w_1200/qqyurxyyazejs89n06ci.jpg","2024-02-13T17:20:00Z","An unspecified defect in early model Starlink satellites has prompted SpaceX to preemptively deorbit the units before they potentially fail and become hazards in low Earth orbit. While the company re… [+5232 chars]"
"","","fox-news","Fox News","Fox News Staff","Fox News AI Newsletter: Google Gemini is 'tip of the iceberg'","Stay up to date on the latest AI technology advancements and learn about the challenges and opportunities AI presents now and for the future.","https://www.foxnews.com/tech/ai-newsletter-google-gemini-tip-iceberg","https://static.foxnews.com/foxnews.com/content/uploads/2024/03/admin-ajax.png","2024-03-09T12:30:03Z","Welcome to Fox News Artificial Intelligence newsletter with the latest AI technology advancements.\r\nIN TODAYS NEWSLETTER:\r\n- Google Gemini is 'the tip of the iceberg': AI bias can have 'devastating i… [+2042 chars]"
"","","null","Yahoo Entertainment","Karissa Bell","X let terrorist groups pay for verification, report says","X has allowed dozens of sanctioned individuals and groups to pay for its premium service, according to a new report\r\n from the Tech Transparency Project (TTP). The report raises questions about whether X is running afoul of US sanctions.\nThe report found 28 v…","https://consent.yahoo.com/v2/collectConsent?sessionId=1_cc-session_576de252-fe23-41ec-ad49-94c94ecdf90e","null","2024-02-14T20:12:54Z","Si vous cliquez sur « Tout accepter », nos partenaires (y compris 242 qui font partie du Cadre de transparence et de consentement dIAB) et nous utiliserons également des témoins et vos données person… [+982 chars]"
"","","business-insider","Business Insider","ecrosbie@businessinsider.com (Eve Crosbie)","Sharon Osbourne swears off weight loss and cosmetic treatments after experiencing the downsides of Ozempic","She expressed regret over taking the buzzy weight-loss drug Ozempic, claiming that she now weighs less than 100 pounds and ""can't put on weight.""","https://www.businessinsider.com/sharon-osbourne-is-through-with-weight-loss-after-ozempic-downsides-2024-2","https://i.insider.com/65c8f615610ab33aa5ded742?width=1200&format=jpeg","2024-02-11T19:26:28Z","Sharon Osbourne has expressed regret over taking the buzzy weight-loss drug Ozempic, stating that she now weighs less than 100 pounds and ""can't put on weight."" ""I was injecting myself with Ozempic, … [+2066 chars]"
"","","fox-news","Fox News","Kurt Knutsson, CyberGuy Report","Verification scams hitting Elon Musk’s X after changing former Twitter check marks","X has changed their policies on getting your profile verified with a blue check mark. This has given scammers a unique opportunity. Kurt “CyberGuy"" Knutsson explains.","https://www.foxnews.com/tech/verification-scams-hitting-elon-musks-x-after-changing-former-twitter-check-marks","https://static.foxnews.com/foxnews.com/content/uploads/2024/02/1-How-Xs-verification-changes-opened-a-pandoras-box-of-chaos.jpg","2024-02-26T15:00:46Z","X formerly known as Twitter has gone through more than a name change since it switched over. One of these has been with the account verification process. You know, that little blue check mark that ce… [+9432 chars]"
"","","business-insider","Business Insider","Hasan Chowdhury","Google just can't seem to catch a break","The search giant made a bunch of steps forward with AI this month, but issues with its image generator has cast a shadow over its efforts.","https://www.businessinsider.com/google-cant-catch-break-despite-having-ai-gemini-to-showcase-2024-2","https://i.insider.com/65d8a10bce7f1785b2e35f97?width=1200&format=jpeg","2024-02-23T13:49:43Z","Alphabet CEO Sundar Pichai on a visit to Google's Berlin office.Boris Streubel/Getty Images\r\n<ul><li>Google's AI model Gemini has faced backlash over image-generation issues.</li><li>Critics claim Ge… [+3584 chars]"
"","","business-insider","Business Insider","Camilo Fonseca","Millennials fall for investment scams a lot — even more than boomers","More millennials reported being duped by investment scams than people over 60, according to the FBI.","https://www.businessinsider.com/millennials-investment-crypto-scams-boomers-fraud-fbi-report-2024-3","https://i.insider.com/65ea05376080194819fda8f3?width=1200&format=jpeg","2024-03-08T14:21:27Z","An FBI report shows that millennials, not the elderly, are most likely to lose money on investment-related frauds or scams.Getty Images\r\n<ul><li>Americans aged 30-49 are most susceptible to investmen… [+3659 chars]"
"","","business-insider","Business Insider","Matt Turner,Jordan Parker Erb","First it was warehouses taking over America. Now it's data centers.","In Sunday's edition of Insider Today: Bitcoin is here to stay, and the first wave of ""walking-dead"" venture firms is here.","https://www.businessinsider.com/insider-today-warehouses-data-centers-bitcoin-walking-dead-venture-firms-2024-3","https://i.insider.com/65edc1f0ce7f1785b2e84d57?width=1200&format=jpeg","2024-03-10T14:24:18Z","Alvarez/Getty Images\r\n<ul><li>This post originally appeared in the Insider Today newsletter.</li><li>You can sign up for Business Insider's daily newsletter here.</li></ul>Welcome back to our Sunday … [+4478 chars]"
"","","null","Theregister.com","Richard Currie","Elon Musk can't wriggle out of SEC Twitter fraud inquiry","Lawyers argue requests for more info are tantamount to harassment\nA federal judge has ruled in favor of the Securities and Exchange Commission (SEC), ordering tech mogul Elon Musk to return for additional testimony in their investigation of his 2022 Twitter a…","https://www.theregister.com/2024/02/12/musk_sec_twitter_fraud/","https://regmedia.co.uk/2023/03/07/shutterstock_musk.jpg","2024-02-12T13:30:23Z","A federal judge has ruled in favor of the Securities and Exchange Commission (SEC), ordering tech mogul Elon Musk to return for additional testimony in their investigation of his 2022 Twitter acquisi… [+1964 chars]"
"","","business-insider","Business Insider","Beatrice Nolan","Richard Branson and Oppenheimer's grandson among those warning about future AI risks","The letter, issued by The Elders and the Future of Life Institute, says world leaders are failing to respond with the necessary ""wisdom and urgency.""","https://www.businessinsider.com/richard-branson-oppenheimer-grandson-sign-open-letter-ai-risks-2024-2","https://i.insider.com/65cf5a59a610a9069d59b3a5?width=1200&format=jpeg","2024-02-16T14:00:52Z","The Future of Life Institute has previously expressed concerns about AI risks. Reuters/Olivia Harris\r\n<ul><li>Richard Branson and other public figures have signed an open letter warning of AI risks.<… [+1976 chars]"
"","","business-insider","Business Insider","Grace Kay,Madeline Berg","Kim Kardashian seems to be the latest celebrity to join the ranks of Cybertruck owners","Kim Kardashian might have a new ride. The billionaire took to Instagram to show off a Tesla Cybertruck.","https://www.businessinsider.com/kim-kardashian-tesla-cybertruck-celebrity-2024-2","https://i.insider.com/65d50baaf533b039a8856744?width=1200&format=jpeg","2024-02-20T22:38:09Z","Kim Kardashian has been showing off a Tesla Cybertruck on social media.Getty Images for Fontainebleau Las Vegas\r\n<ul><li>Kim Kardashian posted a photo of a Tesla Cybertruck on her Instagram.</li><li>… [+2029 chars]"
"","","business-insider","Business Insider","Pete Syme","Mark Zuckerberg got the meme treatment after an awkward clip of him at UFC 298 was shared online","Mark Zuckerberg loves MMA, and he took his interest up a notch at UFC 298, watching the action from ringside and cornering for a UFC champ.","https://www.businessinsider.com/mark-zuckerberg-gets-meme-treatment-over-awkward-ufc-clip-2024-2","https://i.insider.com/65d36be2a3bd891424f86176?width=1200&format=jpeg","2024-02-19T17:04:43Z","Mark Zuckerberg and Alexander Volkanovski.Sean M. Haffey/Getty Images\r\n<ul><li>Mark Zuckerberg attended UFC 298 on Saturday, and appeared in fighter Alex Volkanovski's corner.</li><li>Footage circula… [+2527 chars]"
"","","null","CNET","Don Reisinger","SpaceX Starship Mission 3: How to Watch the March 14 Launch - CNET","SpaceX is inching closer to another Starship launch. And its third mission may be its most ambitious yet.","https://www.cnet.com/science/space/spacex-starship-mission-3-how-to-watch-the-march-14-launch/","https://www.cnet.com/a/img/resize/20d1d096ccf1a027ceb155fdfba1b92417d2ba73/hub/2024/03/07/0d36d07a-b259-42e4-b37e-aa925b1520fb/spacex-starship-2023-1252085451-1.jpg?auto=webp&fit=crop&height=675&width=1200","2024-03-07T23:00:04Z","Rocket launches can be thrilling to watch, but the last two SpaceX Starship launches offered a little more than viewers bargained for: both spaceships exploded after takeoff. Still, the company consi… [+4688 chars]"
"","","null","MarketWatch","Jurica Dujmovic","Why is Elon Musk suing Open AI and Sam Altman? In a word: Microsoft.","Potential ramifications extend far beyond the courtroom.","https://www.marketwatch.com/story/why-is-elon-musk-suing-open-ai-and-sam-altman-in-a-word-microsoft-752d8405","https://images.mktw.net/im-48753292/social","2024-03-04T23:25:00Z","In a striking turn of events, Elon Musk, Teslas \r\n TSLA,\r\n -7.16%\r\nCEO, has initiated legal action against OpenAI and its leadership, alleging that the organization he helped found has moved from its… [+6592 chars]"
"","","null","MarketWatch","Katharina Pistor","Elon Musk’s pay-package fight shows how modern CEOs see themselves as royalty","As some CEOs reach cult-like status, many are treated like kings of old.","https://www.marketwatch.com/story/elon-musks-pay-package-fight-shows-how-modern-ceos-see-themselves-as-royalty-48361ea3","https://images.mktw.net/im-726253/social","2024-02-13T21:56:00Z","Rulers have always found it hard to accept limits on their power. When the French parliament disputed Louis XIVs edicts in 1655, the king of France and Navarre is said to have responded: Létat, cest … [+5914 chars]"
"","","null","Windows Central","kevinokemwa@outlook.com (Kevin Okemwa)","Elon Musk sues OpenAI and CEO Sam Altman for ""stark betrayal of the founding agreement"" and opting to go the for-profit way","OpenAI and Sam Altman have been slapped with another lawsuit filed by Elon Musk for abandoning its initial mission to deliver AI to people for free. Instead, the company is laser-focused on generating more revenue and profits.","https://www.windowscentral.com/software-apps/elon-musk-sues-openai-and-ceo-sam-altman-for-stark-betrayal-of-the-founding-agreement-and-opting-to-go-the-for-profit-way","https://cdn.mos.cms.futurecdn.net/dtcAQq732vmYFgDXdF8MbK-1200-80.jpg","2024-03-01T17:50:30Z","What you need to know\r\n<ul><li>Elon Musk recently filed a lawsuit against OpenAI and Sam Altman for abandoning its initial mission and vision, which included delivering AI advances and technology to … [+3954 chars]"
"","","null","Windows Central","kevinokemwa@outlook.com (Kevin Okemwa)","Elon Musk says we're on the verge of the biggest technology revolution with AI, but there won't be enough power by 2025","While making a brief virtual appearance at the just-concluded Bosch Connected World conference, Tesla CEO Elon Musk talked about all things Generative AI, superintelligence AGI, self-driving cars, and robots.","https://www.windowscentral.com/software-apps/elon-musk-the-verge-of-ai-revolution-no-power","https://cdn.mos.cms.futurecdn.net/qeRDxvZN3raNYVCFL2M2QM-1200-80.jpg","2024-03-05T10:31:23Z","What you need to know\r\n<ul><li>With the emergence of AI, Elon Musk says we're on the verge of the biggest technology revolution.</li><li>The billionaire indicated that the technology might not realiz… [+4371 chars]"
"","","business-insider","Business Insider","George Glover","Americans aren't having enough kids. That's bad news for the economy — and immigration may be the answer.","China, Japan, and Italy are all battling low birth rates, but high immigration has so far stopped the US economy suffering the same fate.","https://www.businessinsider.com/economy-us-birth-rate-declining-population-immigration-china-elon-musk-2024-2","https://i.insider.com/65d34ce2f533b039a88515d4?width=1200&format=jpeg","2024-02-21T09:49:49Z","Weak population growth could be bad news for the US economy.Dobrila Vignjevic/Getty Images\r\n<ul><li>The US population is expected to peak later this century. That's bad news for the economy.</li><li>… [+5259 chars]"
"","","null","Theregister.com","Richard Speed","Employees saved Musk from himself over Twitter Files","Unfettered access to non-public info would have violated FTC order\nLongtime Twitter staffers saved Elon Musk from himself, according to a letter from the US Federal Trade Commission chair.…","https://www.theregister.com/2024/02/22/twitter_staffers_saved_musk/","https://regmedia.co.uk/2022/11/18/shutterstock_musktwitter.jpg","2024-02-22T16:00:30Z","Longtime Twitter staffers saved Elon Musk from himself, according to a letter from the US Federal Trade Commission chair.\r\nWhen Twitter was Twitter and not X, several journalists published documents … [+2599 chars]"
"","","null","ReadWrite","Graeme Hanna","Google Gemini: CEO Sundar Pichai admits ‘we got it wrong’","Google CEO Sundar Pichai has sent an internal memo to staff, stressing the Gemini errors are “completely unacceptable” after the […]\nThe post Google Gemini: CEO Sundar Pichai admits ‘we got it wrong’ appeared first on ReadWrite.","https://readwrite.com/google-gemini-ceo-sundar-pichai-admits-we-got-it-wrong/","https://readwrite.com/wp-content/uploads/2024/02/Untitled-design-13.jpg","2024-02-28T12:35:28Z","Google CEO Sundar Pichai has sent an internal memo to staff, stressing the Gemini errors are “completely unacceptable” after the artificial intelligence (AI) app embroiled the company in controversy.… [+2576 chars]"
"","","null","Ollama.com","null","Run Llama 2 uncensored locally","This post will give some example comparisons running Llama 2 uncensored model versus its censored model.","https://ollama.com/blog/run-llama2-uncensored-locally","https://ollama.com/public/og.png","2024-02-17T19:37:07Z","In May 2023, Eric Hartford, a machine learning engineer authored a popular blog post “Uncensored Models” providing his viewpoints to the merits of uncensored models, and how they are created. It’s a … [+7209 chars]"
"","","null","9to5Mac","Chance Miller","NYT: Apple held talks with Elon Musk about buying Tesla, planned to use Siri instead of a steering wheel for Apple Car","Yesterday, Bloomberg reported that the Apple Car project is officially dead after more than a decade of work. In a new story today, The New York Times shares additional details on the turmoil inside the Project Titan team, based on conversations with “a half …","https://9to5mac.com/2024/02/28/apple-car-tesla-siri/","https://i0.wp.com/9to5mac.com/wp-content/uploads/sites/6/2023/08/tim-cook-elon-musk.jpg.webp?resize=1200%2C628&quality=82&strip=all&ssl=1","2024-02-29T00:11:00Z","Yesterday, Bloomberg reported that the Apple Car project is officially dead after more than a decade of work. In a new story today, The New York Times shares additional details on the turmoil inside … [+2518 chars]"
"","","null","HYPEBEAST","info@hypebeast.com (Hypebeast)","Elon Musk Sues OpenAI and Sam Altman Over Contract Breach","Elon Musk has sued OpenAI and its founders, Sam Altman and Greg Brockman, alleging that the company has abandoned its initial purpose to create AI “for the benefit of humanity broadly.”Musk was a co-founder and backer of OpenAI himself, having been approached…","https://hypebeast.com/2024/3/elon-musk-sam-altman-openai-lawsuit","https://image-cdn.hypb.st/https%3A%2F%2Fhypebeast.com%2Fimage%2F2024%2F03%2Felon-musk-sam-altman-openai-lawsuit-tw.jpg?w=1080&cbr=1&q=90&fit=max","2024-03-01T15:17:27Z","Elon Musk has sued OpenAI and its founders, Sam Altman and Greg Brockman, alleging that the company has abandoned its initial purpose to create AI for the benefit of humanity broadly.\r\nMusk was a co-… [+1120 chars]"
"","","business-insider","Business Insider","ktangalakislippert@businessinsider.com (Katherine Tangalakis-Lippert,Hannah Getahun)","Wife of Tesla employee who died in what may have been the first 'full self-driving' crash said she and her husband were 'guinea pigs'","Tesla hasn't acknowledged the death of an employee driving one of its cars in what may have been the first fatality linked to its self-driving feature.","https://www.businessinsider.com/tesla-employee-died-full-self-driving-fatal-crash-2024-2","https://i.insider.com/65cc35d194aa8ee8e84b2027?width=1200&format=jpeg","2024-02-14T04:45:09Z","Hans von Ohain, a Tesla recruiter, died in a car crash on a Colorado mountain road after his Tesla Model 3 veered off the road and barreled into a tree, bursting into flames, according to a new repor… [+3388 chars]"
"","","business-insider","Business Insider","gkay@insider.com (Grace Kay)","A Tesla Cybertruck was resold for more than twice its price","Cybertruck owners have already begun flipping their electric pickup trucks and some of them are turning a hefty profit.","https://www.businessinsider.com/tesla-cybertruck-auction-resold-double-price-2024-2","https://i.insider.com/65e0c7826080194819fb4953?width=1200&format=jpeg","2024-03-01T16:13:53Z","Cybertruck owners have already begun flipping their electric pickup trucks and some have turned a hefty profit.\r\nA Foundation series Cybertruck was sold at an auction for $244,500 on Wednesday over $… [+2631 chars]"
"","","null","Theregister.com","Richard Currie","Legal eagles demand $6B in Tesla stock after overturning Musk's mega pay package","'Criminal,' says CEO\nLawyers representing shareholders who quashed Elon Musk's $56 billion Tesla compensation package have submitted a request for nearly $6 billion in the electric car maker's stock as their fee.…<!--#include virtual='/data_centre/_whitepaper…","https://www.theregister.com/2024/03/04/musk_tesla_pay_fee/","https://regmedia.co.uk/2021/08/18/tesla_shutterstock.jpg","2024-03-04T12:45:14Z","Lawyers representing shareholders who quashed Elon Musk's $56 billion Tesla compensation package have submitted a request for nearly $6 billion in the electric car maker's stock as their fee.\r\nThe re… [+1548 chars]"
"","","null","Theregister.com","Richard Speed","Neuralink patient masters mind-mouse maneuvers – if Musk is to be believed","Brain-computer interface trial continues to display troubling lack of transparency\nFounder Elon Musk has announced that the first human to receive a Neuralink brain-computer interface has fully recovered and can control a computer mouse pointer with their tho…","https://www.theregister.com/2024/02/20/neuralink_patient_mouse_mind/","https://regmedia.co.uk/2023/11/28/leonardo_ai_connected_brain2.jpg","2024-02-20T13:27:10Z","Founder Elon Musk has announced that the first human to receive a Neuralink brain-computer interface has fully recovered and can control a computer mouse pointer with their thoughts.\r\nThere were no i… [+2283 chars]"
"","","null","The New Yorker","The New Yorker","What Biden Is Thinking About the 2024 Election","The staff writer Evan Osnos had a rare, frank talk with the President about his battle for a second term. Plus, Kara Swisher falls out of love with tech in “Burn Book.”","https://www.newyorker.com/podcast/the-new-yorker-radio-hour/what-biden-is-thinking-about-the-2024-election","https://media.newyorker.com/photos/65e227f7aaa5264a8f5f2f9c/16:9/w_1280,c_limit/RadioHour_0301.jpeg","2024-03-01T20:00:00Z","Listen and subscribe:Apple | Spotify | Google | Wherever You Listen\r\nSign up to receive our weekly newsletter of the best New Yorker podcasts.\r\nDespite hand-wringing among Democrats about Joe Bidens … [+2010 chars]"
"","","null","Jalopnik","Steve DaSilva","Elon Musk, Who Tried To Take Tesla Private With Saudi Money, Derides Lucid's 'Saudi Sugar Daddy'","Elon Musk, during his tenure as CEO of Tesla, famously attempted to take the company private with the backing of the Saudi Public Investment Fund — a wealth fund directly controlled by Saudi Arabia’s crown prince Mohammed bin Salman. Yet, it seems Musk no lon…","https://jalopnik.com/elon-musk-who-tried-to-take-tesla-private-with-saudi-m-1851278571","https://i.kinja-img.com/image/upload/c_fill,h_675,pg_1,q_80,w_1200/6dcccc861f2a312c86791a0aec8ef088.jpg","2024-02-22T17:50:00Z","Elon Musk, during his tenure as CEO of Tesla, famously attempted to take the company private with the backing of the Saudi Public Investment Fund a wealth fund directly controlled by Saudi Arabias cr… [+1669 chars]"
"","","null","Space.com","mwall@space.com (Mike Wall)","SpaceX to launch Starship again 'in about 3 weeks,' Elon Musk says","The third test flight of SpaceX's Starship megarocket will take place roughly three weeks from now, according to company founder and CEO Elon Musk.","https://www.space.com/space-starship-third-test-flight-three-weeks-elon-musk","https://cdn.mos.cms.futurecdn.net/nmigT8TucEfshzw2GgCazg-1200-80.jpg","2024-02-13T18:30:14Z","Space is part of Future US Inc, an international media group and leading digital publisher. Visit our corporate site.\r\n©\r\nFuture US, Inc. Full 7th Floor, 130 West 42nd Street,\r\nNew York,\r\nNY 10036."
"","","null","Slashdot.org","BeauHD","Is America Running Out of Electrical Power?","An anonymous reader quotes a report from The Week Magazine: The advancement of new technologies appears to have given rise to a new problem across the United States: a crippling power shortage on the horizon. The advent of these technologies, such as eco-frie…","https://hardware.slashdot.org/story/24/03/07/2150234/is-america-running-out-of-electrical-power","https://a.fsdn.com/sd/topics/power_64.png","2024-03-07T23:50:00Z","The advancement of new technologies appears to have given rise to a new problem across the United States: a crippling power shortage on the horizon. The advent of these technologies, such as eco-frie… [+3390 chars]"
"","","business-insider","Business Insider","Hannah Getahun","TikTok leaders are pretty surprised that a bill to ban TikTok is zooming through Congress: report","Proposed legislation to ban TikTok was put up for a vote and unanimously approved by the House Energy and Commerce Committee on Thursday.","https://www.businessinsider.com/tiktok-leaders-surprised-ban-bill-congress-2024-3","https://i.insider.com/65ee7407ce7f1785b2e858f9?width=1200&format=jpeg","2024-03-11T03:57:30Z","TikTok leaders are surprised that a bill that would ban TikTok in the US has gotten as far as it has.Nathan Posner/Anadolu Agency via Getty Images\r\n<ul><li>US legislators are again trying to ban TikT… [+3662 chars]"
"","","null","Jalopnik","Andy Kalmowitz","Cash-Strapped Donald Trump Wants The Money Elon Musk Claims He Has","Donald Trump and his campaign to be the president once again need money. You know who says he has money? Elon Musk, the second richest person on Earth. It’s a match made in “guys who suck” heaven;Trump and his team are apparently looking for additional donors…","https://jalopnik.com/cash-strapped-donald-trump-wants-the-money-elon-musk-cl-1851311844","https://i.kinja-img.com/image/upload/c_fill,h_675,pg_1,q_80,w_1200/3e48b61b1b9127e5d1e82046a2f1a4f9.jpg","2024-03-06T16:00:00Z","Donald Trump and his campaign to be the president once again need money. You know who says he has money? Elon Musk, the second richest person on Earth. Its a match made in guys who suck heaven; Trump… [+4380 chars]"
"","","business-insider","Business Insider","Kwan Wei Kevin Tan","Reddit's licensing deal means Google's AI can soon be trained on the best humanity has to offer — completely unhinged posts","Google is paying Reddit $60 million a year for access to their content, per Reuters.","https://www.businessinsider.com/google-train-ai-model-crazy-subreddit-posts-reddit-licensing-deal-2024-2","https://i.insider.com/65d6f729a610a9069d5b1fed?width=1200&format=jpeg","2024-02-22T09:18:52Z","Google has reportedly signed a content licensing deal with Reddit. The search giant intends to use Reddit's content to train its AI models.Greg Doherty/Variety via Getty Images; Rafael Henrique/SOPA … [+2792 chars]"
"","","null","HYPEBEAST","info@hypebeast.com (Hypebeast)","US Judge Orders Elon Musk To Testify in SEC's Twitter Probe","A US judge has ordered Elon Musk to testify as part of the U.S. Securities and Exchange Commission's probe into his 2022 takeover of Twitter.The news upholds the decision to have Musk be interviewed, which was first ordered in December. Musk had appealed the …","https://hypebeast.com/2024/2/elon-musk-testify-court-order-sec-twitter-probe","https://image-cdn.hypb.st/https%3A%2F%2Fhypebeast.com%2Fimage%2F2024%2F02%2Felon-musk-sec-twitter-probe-takeover-investigation-tw.jpg?w=1080&cbr=1&q=90&fit=max","2024-02-12T14:50:42Z","A US judge has ordered Elon Musk to testify as part of the U.S. Securities and Exchange Commission’s probe into his 2022 takeover of Twitter.\r\nThe news upholds the decision to have Musk be interviewe… [+764 chars]"
"","","null","Theregister.com","Richard Speed","OpenAI goes public with Musk emails, claiming he backed for-profit plans","Be careful what you write in that message\nOpenAI has responded to Elon Musk's lawsuit over an alleged breach of contract, publishing a trove of emails that appear to show Musk was not only aware of the need to become a for-profit entity, but also wanted to me…","https://www.theregister.com/2024/03/06/openai_musk_lawsuit/","https://regmedia.co.uk/2024/01/29/openai.jpg","2024-03-06T14:00:09Z","OpenAI has responded to Elon Musk's lawsuit over an alleged breach of contract, publishing a trove of emails that appear to show Musk was not only aware of the need to become a for-profit entity, but… [+2460 chars]"
"","","business-insider","Business Insider","Nora Naughton","The 10 most deeply discounted electric cars right now","In order to deal with slowing EV demand, dealers and manufacturers are pouring on the discounts.","https://www.businessinsider.com/electric-cars-evs-biggest-discounts-2024-2","https://i.insider.com/65d8eef06080194819f9d544?width=1200&format=jpeg","2024-02-25T10:57:01Z","A Volkswagen ID.4 electric car on display at a VW dealership in CaliforniaJosh Lefkowitz/Getty Images\r\n<ul><li>Deals have abounded in the EV market since last summer.</li><li>Discounts are getting bi… [+4294 chars]"
"","","business-insider","Business Insider","Theron Mohamed","Consumers fended off a recession — but keep spending like there's no tomorrow","People are saving less, raiding their nest eggs, and racking up record amounts of credit-card debt. That could spell trouble for the economy.","https://www.businessinsider.com/consumer-spending-us-economy-outlook-inflation-recession-fed-interest-rates-2024-2","https://i.insider.com/65dfdd2a6080194819fb14c7?width=1200&format=jpeg","2024-02-29T09:49:06Z","Defiant consumer spending helped the US avoid recession.Peter Cade\r\n<ul><li>Defiant consumer spending has helped the US economy dodge a recession.</li><li>Yet consumers are saving less, raiding their… [+5407 chars]"
"","","null","HYPEBEAST","info@hypebeast.com (Hypebeast)","Elon Musk Left OpenAI After Company Declined To Merge With Tesla","Last week, Elon Musk filed a lawsuit against OpenAI – a company he was a co-founder and early backer of – accusing it of abandoning the original mission to create AI “for the benefit of humanity broadly.”More specifically, Musk pointed to the partnership betw…","https://hypebeast.com/2024/3/elon-musk-openai-tesla-merger-attempt-lawsuit","https://image-cdn.hypb.st/https%3A%2F%2Fhypebeast.com%2Fimage%2F2024%2F03%2Felon-musk-open-ai-blog-post-lawsuit-tw.jpg?w=1080&cbr=1&q=90&fit=max","2024-03-06T16:36:52Z","Last week, Elon Musk filed a lawsuit against OpenAI a company he was a co-founder and early backer of accusing it of abandoning the original mission to create AI for the benefit of humanity broadly.\r… [+1650 chars]"
"","","null","Jalopnik","Bradley Brownell","Elon Musk's Neuralink Cause For 'A Lot Of Concern': Doctors","Neuralink, Billionaire Elon Musk’s tiny side hustle and dating service, began brain-computer interface implant long-term trials in human subjects late last month, the third such company to do so. There are very few details available about the trial’s first vo…","https://jalopnik.com/elon-musks-neuralink-cause-for-a-lot-of-concern-doctor-1851286156","https://i.kinja-img.com/image/upload/c_fill,h_675,pg_1,q_80,w_1200/e3a684c0f36bcfda850044c1ec87509f.png","2024-02-26T14:45:00Z","Neuralink, Billionaire Elon Musks tiny side hustle and dating service, began brain-computer interface implant long-term trials in human subjects late last month, the third such company to do so. Ther… [+2865 chars]"
"","","null","TMZ","TMZ Staff","Elon Musk, Steve Jobs Rare Autographs Up For Auction","Elon Musk and Steve Jobs' signatures are a holy grail of sorts for tech enthusiasts ... and if you're willing to splash some serious cash, you might just get lucky and score one of their elusive autographs. Talk about a coveted piece of history ...…","https://www.tmz.com/2024/03/11/elon-musk-steve-jobs-autograph-auction-movie-ticket-stub-spacex-business-card/","https://imagez.tmz.com/image/7c/16by9/2024/03/05/7cdcede1007a47cd9aab48dadc4649b6_xl.jpg","2024-03-11T07:10:46Z","Elon Musk and Steve Jobs' signatures are a holy grail of sorts for tech enthusiasts ... and if you're willing to splash some serious cash, you might just get lucky and score one of their elusive auto… [+1198 chars]"
"","","null","Techdirt","Mike Masnick","Twitter’s Former Top Execs All Sue Elon Over Missing Severance","It might not be the smartest idea to have Walter Isaacson trailing you and taking notes on your everyday moves when one of those moves is trying to breach the contract the top execs of the social media company you just overpaid for on a whim. In his book on M…","https://www.techdirt.com/2024/03/06/twitters-former-top-execs-all-sue-elon-over-missing-severance/","https://www.techdirt.com/wp-content/themes/techdirt/assets/images/td-rect-logo-white.png","2024-03-06T20:09:27Z","from the play-stupid-games,-win-stupid-prizes dept\r\nIt might not be the smartest idea to have Walter Isaacson trailing you and taking notes on your everyday moves when one of those moves is trying to… [+10820 chars]"
"","","null","MarketWatch","Mike Murphy","Jeff Bezos sells more Amazon stock, bringing total to $6 billion this month","Billionaire Jeff Bezos has sold another $2 billion in Amazon.com Inc. shares, bringing his total in stock sales over the past week or so to about $6 billion.","https://www.marketwatch.com/story/jeff-bezos-sells-more-amazon-stock-bringing-total-to-6-billion-this-month-d2942c60","https://images.mktw.net/im-24379569/social","2024-02-16T00:56:00Z","Billionaire Jeff Bezos has sold another $2 billion in Amazon.com Inc. shares, bringing his total in stock sales this month to about $6 billion.According to a Securities and Exchange Commission filing… [+1071 chars]"
"","","null","MarketWatch","Mike Murphy","Tripadvisor can reincorporate in Nevada, Delaware judge says, but can still face shareholder lawsuit","Tripadvisor Inc. can move its incorporation from Delaware to Nevada, a judge said Tuesday, but shareholders will be allowed to seek damages from the move.","https://www.marketwatch.com/story/tripadvisor-can-reincorporate-in-nevada-delaware-judge-says-but-can-still-face-shareholder-lawsuit-e1aa111c","https://images.mktw.net/im-537990/social","2024-02-21T01:41:00Z","Tripadvisor Inc. can move its incorporation from Delaware to Nevada, a judge said Tuesday, but shareholders will be allowed to seek damages from the move.Delaware Chancery Court Judge J. Travis Laste… [+1422 chars]"
"","","null","Techmeme.com","null","OpenAI hits back at Elon Musk's lawsuit, accusing Musk of suing the company when it ""started making meaningful progress towards OpenAI's mission without him"" (Bloomberg)","Bloomberg:\nOpenAI hits back at Elon Musk's lawsuit, accusing Musk of suing the company when it “started making meaningful progress towards OpenAI's mission without him”  —  OpenAI hit back at Elon Musk in a blog post published on its site Tuesday, responding …","https://www.techmeme.com/240305/p40","https://assets.bwbx.io/images/users/iqjWHBFdfxIU/if49IFtT4H0o/v1/1200x800.jpg","2024-03-06T02:40:01Z","About This Page\r\nThis is a Techmeme archive page.\r\nIt shows how the site appeared at 9:50 PM ET, March 5, 2024.\r\nThe most current version of the site as always is available at our home page.\r\nTo view… [+145 chars]"
"","","null","Theregister.com","Lindsay Clark","Musk joins OpenAI lawsuit queue, claiming there's nothing 'open' about it","GPT-4 has already reached AGI, and Microsoft shouldn't get its paws on it, court docs allege\nTesla CEO and SpaceX founder Elon Musk has launched a lawsuit against OpenAI, alleging a breach of contract in its move away from open technology and its original mis…","https://www.theregister.com/2024/03/01/musk_sues_openai/","https://regmedia.co.uk/2023/08/10/shutterstock_elon_musk.jpg","2024-03-01T15:32:07Z","Tesla CEO and SpaceX founder Elon Musk has launched a lawsuit against OpenAI, alleging a breach of contract in its move away from open technology and its original mission to develop AI for the benefi… [+3192 chars]"
"","","null","Rolling Stone","Charisma Madarang","Donald Trump, Low on Cash, Meets With Elon Musk","Donald Trump met on Sunday a group of prospective donors, among them Elon Musk, the New York Times reported.","http://www.rollingstone.com/politics/politics-news/trump-elon-musk-meeting-1234981670/","https://www.rollingstone.com/wp-content/uploads/2024/03/Trump-Elon-Musk-meeting.jpg?w=1600&h=900&crop=1","2024-03-06T02:06:45Z","Donald Trump met on Sunday a group of prospective donors, among them Elon Musk, the New York Times reported.\r\nThe group gathered at Palm Beach, Florida, per the publication; it is unclear if the bill… [+2207 chars]"
"","","null","ReadWrite","Ali Rees","Sora AI: ‘everyone will be filmmakers’, internet reacts to OpenAI’s new video generator","OpenAI, the company behind the large language model (LLM) artificial intelligence (AI) ChatGPT, has announced Sora, a new text-to-video AI. […]\nThe post Sora AI: ‘everyone will be filmmakers’, internet reacts to OpenAI’s new video generator appeared first on …","https://readwrite.com/openai-unveils-sora-its-first-text-to-video-model/","https://readwrite.com/wp-content/uploads/2024/02/image-11-900x514.png","2024-02-16T11:43:42Z","OpenAI, the company behind the large language model (LLM) artificial intelligence (AI) ChatGPT, has announced Sora, a new text-to-video AI.\r\nSora can “create realistic and imaginative scenes from tex… [+3747 chars]"
"","","null","ReadWrite","Paul McNally","How to make Rambo in Infinite Craft","We are going to take Infinite Craft back to a simpler time, the time of the 80s action movie star. […]\nThe post How to make Rambo in Infinite Craft appeared first on ReadWrite.","https://readwrite.com/how-to-make-rambo-in-infinite-craft/","https://readwrite.com/wp-content/uploads/2024/02/a_3d_render_of_80s_film_hero_John_Rambo_surround.jpg","2024-02-29T10:42:05Z","We are going to take Infinite Craft back to a simpler time, the time of the 80s action movie star. We already know you can create just about everything in IC, even if it isnt quite as infinite as its… [+2905 chars]"
"","","null","Vox","Sigal Samuel","Your brain needs a really good lawyer","Elon Musk and Mark Zuckerberg are building tech to read our minds. Lawyers are thinking about how to protect our mental privacy from Silicon Valley.","https://www.vox.com/future-perfect/24078512/brain-tech-privacy-rights-neurorights-colorado-yuste","https://cdn.vox-cdn.com/thumbor/2-ipujEvoNSac70zaDC_svVtPeM=/0x138:1920x1143/fit-in/1200x630/cdn.vox-cdn.com/uploads/chorus_asset/file/25295976/V1_GettyImages_1349695388.png","2024-02-21T14:00:00Z","Getty/Paige Vickers for Vox\r\n\n \n\n Can new legislation protect us from the companies building tech to read our minds? If you take it for granted that nobody can listen in on your innermost thoughts, I… [+7448 chars]"
"","","bbc-news","BBC News","https://www.facebook.com/bbcnews","Elon Musk sues OpenAI over Microsoft links","The lawsuit accuses the firm of abandoning its founding principle of benefiting humanity.","https://www.bbc.co.uk/news/technology-68445981","https://ichef.bbci.co.uk/news/1024/branded_news/4DD8/production/_132782991_e9cb455461961388f7b0a1ca73262d3d0fc707a8.jpg","2024-03-01T13:35:57Z","Elon Musk is suing OpenAI, the makers of ChatGPT, arguing it has breached the principles he agreed to when he helped found it in 2015.\r\nThe lawsuit - which has also been filed against OpenAI boss Sam… [+2841 chars]"
"","","bbc-news","BBC News","https://www.facebook.com/bbcnews","X briefly suspends account of Alexei Navalny's widow","It is unclear why Yulia Navalny's account on the site - formerly Twitter - was taken down on Tuesday.","https://www.bbc.co.uk/news/world-europe-68350222","https://ichef.bbci.co.uk/news/1024/branded_news/0382/production/_132689800_aaf8e333ab7413d21694cbcee953688214de7cc50_68_5500_30945500x3094.jpg","2024-02-20T13:30:18Z","Media caption, Watch: 'Putin killed Alexei', says Navalny's widow\r\nYulia Navalnaya's account on X - formerly Twitter - was briefly suspended a day after she used the platform to vow to continue her h… [+1071 chars]"
"","","null","HYPEBEAST","info@hypebeast.com (Hypebeast)","OpenAI Revealed That Elon Musk Left Company After It Declined To Merge With Tesla in This Week's Tech Roundup","This week, the tech industry turned its focus to Elon Musk and OpenAI. Following the lawsuit Musk filed against the company, OpenAI has fired back with its own allegations of the entrepreneur angling to merge OpenAI with Tesla.Elsewhere in AI, Anthropic launc…","https://hypebeast.com/2024/3/weekly-tech-roundup-elon-musk-openai-tesla","https://image-cdn.hypb.st/https%3A%2F%2Fhypebeast.com%2Fimage%2F2024%2F03%2Felon-musk-openai-weekly-tech-roundup-top-stories-tw.jpg?w=1080&cbr=1&q=90&fit=max","2024-03-06T22:54:23Z","This week, the tech industry turned its focus to Elon Musk and OpenAI. Following the lawsuit Musk filed against the company, OpenAI has fired back with its own allegations of the entrepreneur angling… [+2817 chars]"
"","","ars-technica","Ars Technica","Benj Edwards","Google’s hidden AI diversity prompts lead to outcry over historically inaccurate images","Inserting depictions of diversity into AI images creates revisionist history, critics say.","https://arstechnica.com/information-technology/2024/02/googles-hidden-ai-diversity-prompts-lead-to-outcry-over-historically-inaccurate-images/","https://cdn.arstechnica.net/wp-content/uploads/2024/02/gemini_diversity_hero-760x380.jpg","2024-02-22T16:43:00Z","Enlarge/ Generations from Gemini AI from the prompt, ""Paint me a historically accurate depiction of a medieval British king.""\r\n33\r\nOn Thursday morning, Google announced it was pausing its Gemini AI i… [+5394 chars]"
"","","null","Rolling Stone","Jon Blistein","Elon Musk Sues OpenAI, Sam Altman for Making Money Over Benefitting Humanity","Elon Musk sued OpenAI and Sam Altman, saying they've gone back on an agreement to build AI tech that betters humanity and doesn't make a profit.","http://www.rollingstone.com/culture/culture-news/elon-musk-sues-openai-sam-altman-breach-contract-1234978896/","https://www.rollingstone.com/wp-content/uploads/2024/03/GettyImages-491588398.jpg?w=1600&h=900&crop=1","2024-03-01T14:38:25Z","Elon Musk accused Sam Altman and OpenAI of pursuing profit over bettering humanity in a new breach of contract lawsuit filed in San Francisco Superior Court yesterday, Feb. 29.\r\nMusk helped Altman fo… [+3041 chars]"
"","","bbc-news","BBC News","https://www.facebook.com/bbcnews","ChatGPT-maker OpenAI hits back at Musk criticism","OpenAI rejects claims it is focusing too much on profit, saying it is an idea Elon Musk endorsed.","https://www.bbc.co.uk/news/technology-68488230","https://ichef.bbci.co.uk/news/1024/branded_news/57DE/production/_132849422_gettyimages-2044112209.jpg","2024-03-06T11:59:24Z","OpenAI, the makers of ChatGPT, have responded to a lawsuit by Elon Musk by making counter-accusations against him.\r\nMr Musk is suing the company he helped found, alleging it has abandoned its origina… [+2157 chars]"
"","","null","MarketWatch","Steve Goldstein","Here’s what a neutral chatbot thinks of Elon Musk’s lawsuit against OpenAI and Sam Altman","Who better to turn to than a chatbot for their view of the case?","https://www.marketwatch.com/story/heres-what-a-neutral-chatbot-thinks-of-elon-musks-lawsuit-against-openai-and-sam-altman-206b448a","https://images.mktw.net/im-51996667/social","2024-03-01T13:28:00Z","Who better to turn to than a chatbot for an opinion? Obviously, ChatGPT is biased, seeing as its produced by OpenAI. More importantly for this author, the version of ChatGPT that allows for file uplo… [+3334 chars]"
"","","null","Quartz India","Bruce Gil","SpaceX joins the companies Elon Musk has moved around the country","SpaceX is the latest company that billionaire Elon Musk has shuffled around the country after disagreeing with local authorities.Read more...","https://qz.com/spacex-elon-musk-reincorporation-texas-delaware-1851260368","https://i.kinja-img.com/image/upload/c_fill,h_675,pg_1,q_80,w_1200/1afbb0cffa6bf08999c10cbc8f7157fa.jpg","2024-02-15T16:26:00Z","SpaceX is the latest company that billionaire Elon Musk has shuffled around the country after disagreeing with local authorities.\r\nMusk posted Wednesday (Feb. 14) on the social media platform he owns… [+1821 chars]"
"","","null","TMZ","TMZ Staff","Elon Musk Blasts Jeff Bezos' Ex-Wife Over Her 'DEI'-Inspired Donations","Elon Musk apparently doesn't like MacKenzie Scott's charitable efforts ... criticizing Jeff Bezos' ex-wife for donating billions to charities supporting women and minorities. The Tesla founder vented about this issue (in his mind) on X Wednesday…","https://www.tmz.com/2024/03/07/elon-musk-blast-jeff-bezos-ex-wife-mackenzie-scott-dei-donations/","https://imagez.tmz.com/image/f3/16by9/2024/03/07/f3811a32ef894f1289d6aa7e82f43958_xl.jpg","2024-03-07T17:13:06Z","Elon Musk apparently doesn't like MacKenzie Scott's charitable efforts ... criticizing Jeff Bezos' ex-wife for donating billions to charities supporting women and minorities.\r\nThe Tesla founder vente… [+1717 chars]"
"","","null","Quartz India","Matt Novak / Gizmodo","Elon Musk impersonation scams are swindling people big time","The internet is filled with scam artists who try to swindle unsuspecting people out of their money. But impersonation scams that use Elon Musk and his bevy of tech companies — including Tesla, SpaceX, Neuralink, and X— have exploded in popularity in recent ye…","https://qz.com/elon-musk-impersonation-scams-tesla-neuralink-spacex-1851298144","https://i.kinja-img.com/image/upload/c_fill,h_675,pg_1,q_80,w_1200/ebc087b5824914973a57acdbc60ff761.gif","2024-02-29T19:14:48Z","The internet is filled with scam artists who try to swindle unsuspecting people out of their money. But impersonation scams that use Elon Musk and his bevy of tech companies including Tesla, SpaceX, … [+11942 chars]"
"","","bbc-news","BBC News","https://www.facebook.com/bbcnews","SpaceX's legal home moved to Texas, says Elon Musk","It comes after a judge in Delaware annulled his $55.8bn pay package from electric carmaker Tesla.","https://www.bbc.co.uk/news/business-68302228","https://ichef.bbci.co.uk/news/1024/branded_news/1077F/production/_132655476_gettyimages-1852528022.jpg","2024-02-15T03:02:41Z","Elon Musk says he has moved the legal home of his rocket company SpaceX from the US state of Delaware to Texas.\r\nTwo weeks ago, Mr Musk said electric carmaker Tesla will hold a shareholder vote on ma… [+1909 chars]"
"","","bbc-news","BBC News","https://www.facebook.com/bbcnews","Elon Musk eats humble pie over unpaid bakery bill","The world's richest man steps in after his car firm Tesla U-turned on a request for 4,000 pies.","https://www.bbc.co.uk/news/technology-68404698","https://ichef.bbci.co.uk/news/1024/branded_news/18EF/production/_132738360_mediaitem132738357.jpg","2024-02-27T12:49:57Z","Elon Musk has stepped in to foot the bill for 4,000 mini pies after his firm cancelled an order at the last minute.\r\nGiving Pies bakery in San Francisco was left $2,000 (£1,500) out of pocket when Te… [+2126 chars]"
"","","null","Techdirt","Mike Masnick","Elon Only Started Buying Up Twitter Shares After Twitter Refused To Ban Plane Tracking Account","Ever since he first started to make moves to purchase Twitter, Elon Musk has framed his interest in “rigorously adhering to” principles of free speech. As we’ve noted, you have to be ridiculously gullible to believe that’s true, given Elon’s long history of s…","https://www.techdirt.com/2024/02/20/elon-only-started-buying-up-twitter-shares-after-twitter-refused-to-ban-plane-tracking-account/","https://www.techdirt.com/wp-content/themes/techdirt/assets/images/td-rect-logo-white.png","2024-02-20T20:10:00Z","from the whos-the-free-speech-supporter-now? dept\r\nEver since he first started to make moves to purchase Twitter, Elon Musk has framed his interest in rigorously adhering to principles of free speech… [+4339 chars]"
"","","null","Autoblog","Reuters","Tesla raises prices of some Model Y vehicles in US","Filed under:\n Green,Tesla,Crossover,SUV,Electric\n Continue reading Tesla raises prices of some Model Y vehicles in US\nTesla raises prices of some Model Y vehicles in US originally appeared on Autoblog on Fri, 1 Mar 2024 08:37:00 EST. Please see our terms for …","https://www.autoblog.com/2024/03/01/tesla-raises-prices-of-some-model-y-vehicles-in-us/","https://s.aolcdn.com/images/dims3/GLOB/legacy_thumbnail/1062x597/format/jpg/quality/100/https://s.aolcdn.com/os/ab/_cms/2024/03/01081954/ModelY_74.jpg","2024-03-01T13:37:00Z","Tesla on Friday raised prices of certain Model Y vehicles in the United States by $1,000, according to its website.\r\nThe company raised the price of its Model Y rear-wheel-drive and long-range vehicl… [+1180 chars]"
"","","null","Autoblog","Insider","Watch this Chinese EV shake off snow like a puppy","Filed under:\n Jeep,Technology,SUV,Luxury\n Continue reading Watch this Chinese EV shake off snow like a puppy\nWatch this Chinese EV shake off snow like a puppy originally appeared on Autoblog on Tue, 20 Feb 2024 11:27:00 EST. Please see our terms for use of fe…","https://www.autoblog.com/2024/02/20/this-chinese-ev-can-shake-off-snow-like-a-puppy/","https://o.aolcdn.com/images/dims3/GLOB/legacy_thumbnail/1062x597/format/jpg/quality/100/https://media.zenfs.com/en/insider_articles_922/b0d028532022e29e55cabe969701f229","2024-02-20T16:27:00Z","Camouflaged Nio ET9 shaking off snowNio\r\nToss out the snow brush. This electric vehicle can shake off that fluffy white stuff for you.\r\nChinese EV company Nio recently shared a new video of its ultra… [+1111 chars]"
"","","null","Jalopnik","Steve DaSilva","The Tesla Roadster Will Likely Not Hit 60 In Under 1 Second","The second-generation Tesla Roadster is back in the news after Elon Musk announced that the car would hit 60 miles an hour in less than a second. This is nearly a full second faster than the current record-holder, which got me wondering: Is it actually possib…","https://jalopnik.com/the-tesla-roadster-will-likely-not-hit-60-in-under-1-se-1851294897","https://i.kinja-img.com/image/upload/c_fill,h_675,pg_1,q_80,w_1200/be46fbea60254ac506f57302e8a1fb0d.png","2024-02-29T13:30:00Z","The second-generationTeslaRoadster is back in the news after Elon Musk announced that the car would hit 60 miles an hour in less than a second. This is nearly a full second faster than the current re… [+6940 chars]"
"","","null","Yahoo Entertainment","null","Elon Musk Sues OpenAI, Altman for Breaching Firm’s Founding Mission","null","https://consent.yahoo.com/v2/collectConsent?sessionId=1_cc-session_cb55ab10-9c6f-4975-8a92-a64fd7c37f3e","null","2024-03-01T09:55:18Z","Si vous cliquez sur « Tout accepter », nos partenaires (y compris 241 qui font partie du Cadre de transparence et de consentement dIAB) et nous utiliserons également des témoins et vos données person… [+982 chars]"
"","","null","Techdirt","Mike Masnick","Court To Elon: No You Can’t Just Ignore The SEC’s Investigation Into Your Failure To Comply With The Law","As you may recall, almost two years ago, Elon Musk announced, somewhat out of the blue, that he had accumulated somewhere close to 10% of Twitter’s equity, making him the single largest shareholder, and kicking off a chain of bizarre events that eventually pu…","https://www.techdirt.com/2024/02/14/court-to-elon-no-you-cant-just-ignore-the-secs-investigation-into-your-failure-to-comply-with-the-law/","https://www.techdirt.com/wp-content/themes/techdirt/assets/images/td-rect-logo-white.png","2024-02-14T20:10:16Z","from the if-only-we-could-all-just-ignore-the-inconvenient-parts-of-the-law dept\r\nAs you may recall, almost two years ago, Elon Musk announced, somewhat out of the blue, that he had accumulated somew… [+5407 chars]"
"","","null","HYPEBEAST","info@hypebeast.com (Hypebeast)","Mark Zuckerberg Shared a Hands-On Review of the Apple Vision Pro in This Week's Tech Roundup","This week, the tech industry saw Mark Zuckerberg share his thoughts on the Apple Vision Pro – in a video recorded from Meta's Quest 3. In other tech advancements, NVIDIA launched its very own AI chatbot app entitled Chat with RTX.Elsewhere, Intuitive Machines…","https://hypebeast.com/2024/2/weekly-tech-roundup-mark-zuckerberg-review-apple-vision-pro","https://image-cdn.hypb.st/https%3A%2F%2Fhypebeast.com%2Fimage%2F2024%2F02%2Fweekly-tech-roundup-mark-zuckerberg-review-apple-vision-pro-tw.jpg?w=1080&cbr=1&q=90&fit=max","2024-02-17T00:02:09Z","This week, the tech industry saw Mark Zuckerberg share his thoughts on the Apple Vision Pro in a video recorded from Meta’s Quest 3. In other tech advancements, NVIDIA launched its very own AI chatbo… [+2389 chars]"
"","","null","TMZ","TMZ Staff","Elon Musk Sues OpenAI Over ChatGPT, Claims Betrayal of Original Mission","Elon Musk is taking ChatGPT's parent company to court over what he claims is a betrayal of his deal with the AI giant -- which he claims has turned its back on humanity ... all in search of dollars. The billionaire tech giant just filed suit…","https://www.tmz.com/2024/03/01/elon-musk-sues-openai-chatgpt-betrayal-artificial-intelligence-lawsuit/","https://imagez.tmz.com/image/6d/16by9/2024/03/01/6d216933bf1b4f5ebcbbeb29774eda39_xl.jpg","2024-03-01T15:46:46Z","Elon Musk is taking ChatGPT's parent company to court over what he claims is a betrayal of his deal with the AI giant -- which he claims has turned its back on humanity ... all in search of dollars.\r… [+2113 chars]"
"","","null","Techdirt","Mike Masnick","In SCOTUS NetChoice Cases, Texas’s And Florida’s Worst Enemy Is (Checks Notes) Elon Musk.","Next week, the Supreme Court will hear oral argument in NetChoice v. Paxton and Moody v. NetChoice. The cases are about a pair of laws, enacted by Texas and Florida, that attempt to force large social media platforms such as YouTube, Instagram, and X to host …","https://www.techdirt.com/2024/02/21/in-scotus-netchoice-cases-texass-and-floridas-worst-enemy-is-checks-notes-elon-musk/","https://www.techdirt.com/wp-content/themes/techdirt/assets/images/td-rect-logo-white.png","2024-02-21T19:57:00Z","from the elon's-reputationally-responsibility dept\r\nNext week, the Supreme Court will hear oral argument in NetChoice v. Paxton and Moody v. NetChoice. The cases are about a pair of laws, enacted by … [+4741 chars]"
"","","null","[Removed]","null","[Removed]","[Removed]","https://removed.com","null","1970-01-01T00:00:00Z","[Removed]"
"","","null","Quartz India","Bruce Gil","Elon Musk just teased a Tesla-SpaceX collaboration coming next year","Tesla CEO Elon Musk is teasing the EV-maker’s highly-anticipated sports car, the Roadster, and announced that it will finally ship next year. Read more...","https://qz.com/elon-musk-tesla-roadster-sports-car-spacex-ship-date-1851293098","https://i.kinja-img.com/image/upload/c_fill,h_675,pg_1,q_80,w_1200/1afbb0cffa6bf08999c10cbc8f7157fa.jpg","2024-02-28T15:11:00Z","Tesla CEO Elon Musk is teasing the EV-makers highly-anticipated sports car, the Roadster, and announced that it will finally ship next year. \r\nThere will never be another car like this, if you could … [+1517 chars]"
"","","null","Quartz India","Britney Nguyen","Elon Musk is suing Sam Altman and OpenAI for betraying its non-profit mission","First came the UK, then the EU, and the U.S. shortly followed. Now it’s Elon Musk pushing forlegal scrutiny of OpenAI. Read more...","https://qz.com/elon-musk-sam-altman-openai-lawsuit-1851300027","https://i.kinja-img.com/image/upload/c_fill,h_675,pg_1,q_80,w_1200/855fe5473ed70a7f3f8aa4c5ae48b4a3.jpg","2024-03-01T13:30:00Z","First came the UK, then the EU, and the U.S. shortly followed. Now its Elon Musk pushing for legal scrutiny of OpenAI. \r\nMusk filed a lawsuit against OpenAI and its CEO Sam Altman late Thursday (Feb.… [+1619 chars]"
"","","null","Quartz India","Britney Nguyen","Elon Musk and the Kremlin deny that SpaceX is selling Starlink terminals to Russia","The Kremlin joined SpaceX CEO Elon Musk in denying reports that Starlink broadband internet terminals are being sold to and used by Russian troops in Ukraine.Read more...","https://qz.com/elon-musk-russia-deny-starlink-1851248225","https://i.kinja-img.com/image/upload/c_fill,h_675,pg_1,q_80,w_1200/b0b8740ea0f9c36508addc6ac6bdef94.jpg","2024-02-12T16:23:13Z","The Kremlin joined SpaceX CEO Elon Musk in denying reports that Starlink broadband internetterminals are being sold to and used by Russian troops in Ukraine.\r\nKremlin spokesman Dmitry Peskov said Mon… [+2057 chars]"
